<?xml version="1.0" encoding="utf-8"?>
<layer-list xmlns:android="http://schemas.android.com/apk/res/android" xmlns:app="http://schemas.android.com/apk/res-auto" xmlns:aapt="http://schemas.android.com/aapt">
    <item>
        <shape android:shape="rectangle">
            <solid android:color="?attr/colorOutlineVariant"/>
        </shape>
    </item>
    <item android:bottom="@dimen/m3_comp_divider_thickness">
        <shape android:shape="rectangle">
            <solid android:color="?attr/colorSurface"/>
        </shape>
    </item>
</layer-list>
